,시군,총인구수,할인율_상시,할인율_한시,구매한도_월,구매한도_연,지역화폐사용액(천원),경제활동참가율,서비스업사업체비율,제조업사업체비율,도소매업사업체비율,운수업사업체비율,제조업종사자비율,도소매업종사자비율,운수업종사자비율,농업가구비율,합계출산율,도시지역면적
0,수원시,1194465.0,0.06,0.1,50,400,22696236.0,62.6,0.7598480412848408,0.05299492109312237,0.2340109747960948,0.10505031249574487,0.1066245495395293,0.1301997597544156,0.041351158962494985,0.005607254385361061,0.89,121182030
1,성남시,942724.0,0.06,,10,50,86074070.0,62.0,0.7679015737815024,0.0635618445757201,0.24954587779151596,0.09082444169681428,0.08541106251474302,0.15963149477474825,0.03276684058924479,0.0021914887316018604,0.852,141820898
2,의정부시,451868.0,0.06,0.1,40,400,9062650.0,59.4,0.7588796803315081,0.04961521385230132,0.2337205860589019,0.11469587094864585,0.058894180989852975,0.1630648167322427,0.050942224062952984,0.005817734218960472,0.847,81598380
3,안양시,567044.0,0.06,0.1,30,600,20391808.0,62.1,0.7336917722648582,0.0867169373549884,0.263631090487239,0.09106728538283064,0.13542572102019562,0.1557779500552071,0.0437506362518696,0.0025389778351522195,0.98,58480054
4,부천시,829996.0,0.06,0.1,40,400,31543254.0,63.0,0.660900799496797,0.17382020426067238,0.22111135020608147,0.09388707728469038,0.23315416710959924,0.14273280535771235,0.03667813862017647,0.002736976272355309,0.807,53450000
5,광명시,316552.0,0.06,0.1,40,480,6372380.0,61.8,0.7104265402843601,0.09246972090573986,0.2589784096893102,0.12243285939968405,0.16204422749796613,0.1875495261339504,0.058945344279269285,0.0048601651447118385,0.84,38506473
6,평택시,513027.0,0.06,0.1,30,360,10543560.0,63.8,0.7229679240583399,0.10563750588105056,0.2294024852627792,0.09467799518445742,0.3821536629686729,0.11161513615340528,0.0599350444514544,0.04047182754022239,1.102,151090527
7,동두천시,94768.0,0.06,0.1,30,360,2106819.0,56.2,0.7247259439707674,0.07704019488428747,0.2172655298416565,0.10794762484774666,0.2020945372204925,0.12666289272572884,0.047834701386923285,0.01753060692888773,0.8540000000000001,33565811
8,안산시,650918.0,0.06,0.1,0,400,27036345.0,63.4,0.63591238720868,0.17384164006421493,0.21392061705386306,0.1163987968925876,0.3914304905125287,0.1142228109782264,0.041535284935102085,0.006212825475763271,0.887,151472339
9,고양시,1066351.0,0.06,0.1,40,400,28739326.0,59.7,0.7349794238683127,0.08458595047289004,0.26666666666666666,0.104598945924482,0.0981333958138082,0.1978167880229736,0.05804676423233125,0.013251082295387323,0.802,194127720
10,과천시,58289.0,0.06,0.1,40,480,6683191.0,55.3,0.8024489795918367,0.021496598639455786,0.3523809523809524,0.08353741496598639,0.009417980302638755,0.12372584489045856,0.027162833433830073,0.017505125374546602,0.78,35853000
11,구리시,199265.0,0.06,0.1,50,600,4011320.0,60.5,0.7529355543418896,0.055843801201529215,0.2901419989077007,0.11339432004369195,0.06086070791953145,0.21603079734567626,0.06053116433739271,0.006664463538224278,0.872,33292067
12,남양주시,701830.0,0.06,0.1,50,600,12979396.0,57.8,0.6741289610594356,0.1498239529139734,0.2371643281307478,0.1072836197382942,0.2024914198550909,0.19913199803882406,0.0532180839794924,0.017411107547790218,0.908,242423014
13,오산시,226379.0,0.06,0.1,30,360,6017615.0,64.1,0.707816091954023,0.07111111111111111,0.21026819923371648,0.1506513409961686,0.17162140446729873,0.13819701108789972,0.05688574642455407,0.012500402719159769,1.04,42757000
14,시흥시,473682.0,0.05,0.1,40,480,30544406.0,66.2,0.5622483181018061,0.2940367967977623,0.22070844686648505,0.09088278556099444,0.4558824255165845,0.13952593162874022,0.0376204788060939,0.008321789285444425,1.081,135056862
15,군포시,275852.0,0.06,0.1,50,600,16642604.0,61.8,0.6440572846188543,0.1761953089760938,0.19108028867839424,0.10577356788452864,0.2604493015369872,0.117568464118536,0.09188750875382404,0.0032991307507674065,1.046,36460228
16,의왕시,161153.0,0.06,0.1,40,400,6424547.0,59.4,0.6425940395133385,0.12434423484763925,0.2092867507534323,0.14689139412880906,0.18691452524147986,0.13205759066885364,0.09028613085474757,0.009290129888171149,0.924,53990394
17,하남시,272455.0,0.06,0.1,50,600,14538314.0,64.0,0.7272312108559499,0.09590292275574112,0.34205375782881003,0.10457985386221294,0.11507629331269105,0.30498956952990725,0.059722641336149775,0.00923128074241402,0.975,93044652
18,용인시,1059609.0,0.06,0.1,50,600,15960062.0,59.2,0.7351440547768526,0.08197560836826433,0.226561462739222,0.10587409669404244,0.1666232119366193,0.14262731248296376,0.06081193187878501,0.014778624020935945,0.936,388296611
19,파주시,454040.0,0.06,0.1,40,400,8462572.0,61.0,0.6434851328657513,0.19131351048766834,0.2119924923441668,0.09657874806546148,0.4107221053306134,0.12135129073257216,0.05580535945059757,0.040427014057169385,1.05,81322573
20,이천시,215834.0,0.06,0.1,40,400,5020770.0,66.3,0.6807304410097272,0.11624992540430865,0.22390642716476694,0.11541445366115652,0.3353978006431926,0.10326449033977347,0.09466939735649484,0.08390262676801694,0.991,82195456
21,안성시,183405.0,0.06,0.1,50,500,8509106.0,66.5,0.6423708450140169,0.17868108396742755,0.20771592577759976,0.09110933119743693,0.4163172250946546,0.1032548955746448,0.04668607254814151,0.10741217119366472,1.002,156213560
22,김포시,437221.0,,,,,28981268.0,63.4,0.5723434761828899,0.2960331368488131,0.20605384737932134,0.0763740640433328,0.446296990889182,0.1373277353627993,0.0411983206088398,0.0307789600358566,1.016,101933117
23,화성시,815396.0,0.06,0.1,50,600,22496907.0,68.2,0.551696,0.305056,0.18699200000000002,0.083136,0.5056507299357275,0.08825260706846258,0.0317344471885365,0.037511316414959736,1.199,317786985
24,광주시,372654.0,0.06,,40,400,7557041.0,62.5,0.5706053975200583,0.2402261123267688,0.22184536834427426,0.12231947483588622,0.35294117647058826,0.17415241958852504,0.07637641263401912,0.02491523864127011,1.043,172259487
25,양주시,222314.0,0.06,0.1,50,600,8292230.0,59.9,0.5840642442191594,0.24353571021756465,0.21540038728784602,0.09482856817405172,0.3969280978626773,0.13632992137665034,0.04223294877500485,0.04317181667481605,1.03,150455382
26,포천시,148379.0,0.06,0.1,30,360,2377732.0,65.7,0.5385701102003149,0.3246837848108137,0.1959719884913957,0.07344878128223223,0.4673516348263499,0.1214106063038476,0.03334938727457591,0.09499799277398636,0.889,39013035
27,여주시,111083.0,0.06,0.09,40,400,2898929.0,61.4,0.6863501156769858,0.12504131320921008,0.23146414013440564,0.0887958576622232,0.19583637026239067,0.14358600583090378,0.04739887026239067,0.15169624395010112,1.083,26093192
28,연천군,43824.0,0.06,0.1,50,600,2183752.0,64.5,0.6951652553947009,0.10406992624965856,0.2108713466266048,0.05435673313302376,0.1891241899926515,0.10962656156055847,0.03173224664306233,0.17413955550629054,1.413,30445145
29,가평군,62415.0,0.06,0.1,30,360,2294420.0,62.1,0.8150484012907011,0.04986799647990613,0.17263127016720445,0.035054268113816366,0.06783756491633007,0.10869878822850547,0.026904212348528564,0.1258625448523323,0.971,81889445
30,양평군,116874.0,0.1,,50,500,8659833.0,62.6,0.7620049504950495,0.04925742574257426,0.1993811881188119,0.06794554455445545,0.053255036954540855,0.1484593837535014,0.033714690695555334,0.13930252046670535,1.024,51198870
